file,id,type,speaker,jp,current_english,suggested_english,notes,status
kyouya.json,1,Chapter name,,鏡夜と猫澤先輩の　熱き戦い,Kyouya vs. Nekozawa-senpai,,,
kyouya.json,9,Dialog,Tamaki,「おしまいだ、俺はおしまいなのだー！！」,I'm done for--!!,,,
kyouya.json,10,Dialog,Tamaki,いつものように部室を訪れると、頭を抱えてのた打ち回っている環先輩がいた。,"When I visited the clubroom as
usual, there was Senpai thrashing
around with her head in her hands.",,,
kyouya.json,11,Dialog,Tamaki,ある意味おかしくない光景ではあるけれど……。,It's a strange sight in a way...,,,
kyouya.json,13,Dialog,Tamaki,「俺が誤ってベルゼネフの端っこを踏んでしまった事態以上に愚かしいことをしてしまったのか、俺はー！！」,"Did I do something even dumber than
stepping on the edge of Belzeneff?!?",,,
kyouya.json,16,Dialog,Haruhi,「……あまり聞きたくはないんですが、環先輩どうしたんですか？」,"I don't really want to know, but
what's wrong, Tamaki-senpai?",,,
kyouya.json,18,Dialog,Haruhi,「いつも以上にエキセントリックな気がするんですけど……」,"I feel like you're even more
eccentric than usual...",,,
kyouya.json,19,Dialog,Haruhi,うああああなんて奇怪な声を上げている環先輩を全くスルーして、帳簿整理に励んでいる鏡夜先輩に話しかける。,"Ignoring Tamaki-senpai's strange
screaming, I talk to Kyoya-senpai
who is busy organizing the accounts.",,,
kyouya.json,20,Dialog,Haruhi,この状況でよく集中出来ますね……と感心を通り越して呆れを感じてしまう。,"I'm impressed... No, I'm more amazed
you can concentrate in this
situation.",,,
kyouya.json,27,Dialog,Kyoya,「ん？　ああ、あれはいつもの病気だ」,"Hmm? Oh, that's just my usual
illness.",,,
kyouya.json,35,Dialog,Tamaki,「鏡夜ー！　いつもの病気とはなんだ！　俺はいつでも華麗に接客をしているホスト部のキングなのだぞー！」,"Kyoya!! What kind of illness is
this?! I'm the king of the Host
Club, always charming our guests!",,,
kyouya.json,37,Dialog,Haruhi,「ああ、いつもと同じく頭がおかしいと。でもおかしさが行き過ぎだと思うんですよね」,"Yeah, as usual, you're crazy. But I
think your craziness has gone too
far.",,,
kyouya.json,41,Dialog,Tamaki,「ハルヒー！　いつもと同じく頭がおかしいって俺がバカみたいではないか！」,"Haruhi! Don't you sound like an
idiot saying I'm the one who's
stupid!",,,
kyouya.json,43,Dialog,Haruhi,（寸分違わずそうなんですけど……）,(It's exactly as you say...),,,
kyouya.json,46,Dialog,Tamaki,「！！？　今なにやらよくないことを言われたような……はっ、これももしや呪い！？」,"!!? Did I just get cursed... Ha!
Could this be a curse!?",,,
kyouya.json,47,Dialog,Tamaki,またうああああと頭を抱えてのた打ち回る環先輩。,"Tama-chan buries his face in his
hands and thrashes around again.",,,
kyouya.json,50,Dialog,Haruhi,「……やっぱり何かあったんですよね。ベルゼネフとか言ってましたし、猫澤先輩絡みですか？」,"...I guess something did happen. She
mentioned Berzenef and it's related
to Nekozawa-senpai, right?",,,
kyouya.json,51,Dialog,Haruhi,メガネのブリッジをあげて、しかたがなさそうに肩を竦める。,"Pushes up his glasses and shrugs
helplessly.",,,
kyouya.json,58,Dialog,Kyoya,「ご名答。猫澤先輩との出会い頭によくない予言とやらを言われたらしくてな、それからずーっとあんな感じだ」,"Exactly. Nekozawa-senpai gave
him a bad prophecy, and he's
been like this since.",,,
kyouya.json,60,Dialog,Haruhi,「うわあ……ずっとですか」,Wow... forever?,,,
kyouya.json,65,Dialog,Kyoya,「ああ。不本意ながらその予言とやらを聞いたが、あまりに常識の枠を超えていたのでな。馬鹿馬鹿しいと一笑しておいたよ」,"I heard that prophecy too, but
it was so absurd that I laughed
it off.",,,
kyouya.json,73,Dialog,Tamaki,「鏡夜は猫澤先輩の恐ろしさがわかっていないのだ！　そうだ！　ハルヒならばわかってくれるよな！！」,"Kyoya doesn't understand
Nekozawa-senpai's terrifying charm!
But Haruhi will, right?!!",,,
kyouya.json,75,Dialog,Haruhi,「あまりわかりたくないです」,I don't really want to know.,,,
kyouya.json,77,Dialog,Haruhi,「……ですが内容次第で考えます」,"But I'll think about it depending on
the content.",,,
kyouya.json,82,Dialog,Tamaki,「おおお！　さすがわが娘！！　実はだな、猫澤先輩がかつてないほど絶好調らしいのだ！」,"Ohoho! As expected of my princess!!
Actually, it seems that
Nekoze-senpai is in top form!",,,
kyouya.json,84,Dialog,Haruhi,「はあ……」,Uh-huh...,,,
kyouya.json,92,Dialog,Nekozawa,「そ、そこから先は私がご説明いたしましょう〜」,Let me explain from there~,,,
kyouya.json,94,Dialog,Haruhi,「！！？　い、いつの間に隣にいたんですか」,!!? W-When did you get next to me?,,,
kyouya.json,96,Dialog,Nekozawa,「そこの影で出番をこっそりと窺っていたのですよ〜」,"I was sneaking a peek at my cue from
over there~",,,
kyouya.json,97,Dialog,Nekozawa,そこ、と指差された場所は扉の隙間で……。,"There... The spot you pointed at is
the gap between the doors...",,,
kyouya.json,99,Dialog,Haruhi,「別にそんな所で待機してなくても良かったと思うんですけど……」,"I don't think I had to wait for you
here...",,,
kyouya.json,104,Dialog,Nekozawa,「いえ、あそこはほど良く暗くて落ち着くんですよ」,"No, it's just right. The darkness
calms me.",,,
kyouya.json,106,Dialog,Haruhi,「ああ、そうなんですか……」,"Oh, really...",,,
kyouya.json,107,Dialog,Haruhi,猫澤先輩は明るい所が苦手なんだよね、確か。,"Nekoza-senpai hates bright places,
right?",,,
kyouya.json,109,Dialog,Nekozawa,「先ほど須王くんがおっしゃっていたと思いますが、今日はかつてないほど絶好調なんです」,"I believe you said this earlier,
Kamikamo-kun, but I'm in better form
than ever today.",,,
kyouya.json,111,Dialog,Nekozawa,「あまりに身体に闇の力が溜まっておりましたので、誰が手近な者がいないかと探しておりましたらちょうど須王くんと会いまして」,"I had too much dark power stored up,
so I searched for someone nearby
and found Suoh-kun.",,,
kyouya.json,113,Dialog,Nekozawa,「で、これは占って差し上げなければと思い須王くんを占ったのがかれこれ４時間ほど前でしょうか……」,"So, it's been about four hours since
I decided to give you a fortune
reading...",,,
kyouya.json,121,Dialog,Tamaki,「そうなのだ！　丁重にお断りしたのだが、どうしてもと頼まれて占ってもらったのだが……これが凄いのだぞ！」,"That's right! I politely declined,
but they begged me to read their
fortune... and it was amazing!",,,
kyouya.json,123,Dialog,Tamaki,「俺の愛犬の名前と趣味を一発で当ててしまったのだ！！　これは驚くべき才能だと思わないか？　なのに鏡夜ときたら……」,"He guessed my dog's name and hobby
instantly! Isn't that amazing?
But Kyoya...",,,
kyouya.json,131,Dialog,Kyoya,「そんなもの簡単に解明できる話だから俺は取り合わなかっただけだ。犬の名前も趣味も調べれば一発でわかる」,"I ignored it because it's easy.
A dog's name and hobbies can
be found with research.",,,
kyouya.json,133,Dialog,Kyoya,「それにお前の駄菓子収集は部内のメンバー周知の事実であり」,"And your candy collection is a
well-known fact among club members.",,,
kyouya.json,135,Dialog,Kyoya,「犬の名前もクラスで愛犬に対する惚気話を延々と聞かされなかった生徒がいないほどだ」,"Everyone in class had to listen to
endless love stories about their
dogs, even down to their names.",,,
kyouya.json,137,Dialog,Kyoya,「それだけ有名な話を当てたところで占いは実現する！　などと言われても信憑性に欠ける話だと思うがな」,"Guessing a famous story doesn't
prove fortune-telling is real.",,,
kyouya.json,139,Dialog,Kyoya,口を挟む隙がないほど理路整然とした物言いか、環先輩の言葉かのどちらが信用できると言えばもちろん前者……だよね。,"Of course I trust the logically
coherent argument over
Tamaki-senpai's words... right?",,,
kyouya.json,146,Dialog,Tamaki,「ぬうっ。ならばハルヒはこのことについてどう思う？　ここはおとーさんの言葉が正しいと思うだろう！？」,"Nuu. Then what do you think about
this, Haruhi? You must agree with
daddy!",,,
kyouya.json,148,Dialog,Haruhi,「……自分は鏡夜先輩の方が信用出来ます」,I trust Kyoya-senpai more.,,,
kyouya.json,153,Dialog,Tamaki,「い、いやいやいや。この話を聞けばハルヒも俺の言葉を信じるはずだ！！　先ほどの俺の趣味と愛犬の名前を当てただけでなく……」,"N-no! Haruhi will believe
me after this. She even
guessed my dog's name!",,,
kyouya.json,158,Dialog,Tamaki,「猫澤先輩に俺は、２つの未来を予言されてしまった。そして、その内のひとつは既に現実のものとなっている……」,"I was given two futures by
Nekozawa-senpai. And one of them has
already come true...",,,
kyouya.json,160,Dialog,Tamaki,「部室までの廊下の曲がり角、俺は一人の男子生徒と衝突した。予言を聞いて、恐ろしく注意していたにも関わらずだ！」,"I bumped into a boy
in the hallway, even
after that prophecy!",,,
kyouya.json,165,Dialog,Tamaki,「更にもうひとつの予言によると、明日の野外授業で張り切った俺は、小石にけつまずいて前のめりになり、頭を強打するらしい！」,"Another prophecy says
I'll trip on a pebble
and hit my head tomorrow!",,,
kyouya.json,170,Dialog,Tamaki,「な？　恐ろしい話だろう？」,"Scary, isn't it?",,,
kyouya.json,172,Dialog,Haruhi,「はあ……いっそ強打された方が良いような気もしますが」,"Sigh... I kind of feel like getting
hit hard might be better.",,,
kyouya.json,178,Dialog,Tamaki,「うわあああん！！　おかーさん、ハルヒが冷たいよ〜」,"Ahhhhh!! Mommy, Haruhi's cold~",,,
kyouya.json,186,Dialog,Kyoya,「……その話にしても、小石にけつまずいた所で頭を強打するなどという事態に陥る確率はまずない」,"There's almost no chance of hitting
your head on a rock after tripping
over a pebble.",,,
kyouya.json,188,Dialog,Kyoya,「よほど加速をつけて小石につまずくのなら別だが、加速をして小石につまずく状況が想像出来ないだろう？」,"Unless you're planning to trip over
a pebble while speeding up, I can't
imagine such a situation?",,,
kyouya.json,190,Dialog,Kyoya,「それにだ。実際に起こってもいない、ただの予言を丸ごと信じきるなど……愚の骨頂だと思うが？」,"Believing in nothing but a prophecy
that hasn't even come true... Isn't
that just the height of foolishness?",,,
kyouya.json,195,Dialog,Tamaki,「ぬうっ！　し、しかし予言は必ず当たると」,"Nuu!! B-but prophecies always come
true!",,,
kyouya.json,200,Dialog,Kyoya,「環。俺は魔術などという非現実的なことは信用しない主義だ」,"Tamaki. I don't believe in
unrealistic stuff like magic.",,,
kyouya.json,201,Dialog,Kyoya,絶対零度の笑みに凍りつく環先輩。,"Tamaki-senpai freezes up at the
smile of absolute zero.",,,
kyouya.json,211,Dialog,Nekozawa,「……では、私と黒魔術の信憑性について賭けをして頂けませんでしょうか〜」,"Then, would you like to bet on the
credibility of black magic~?",,,
kyouya.json,212,Dialog,Nekozawa,今まで２人のやり取りを黙って見ていた猫澤先輩が、にんまりと笑いながら２人の間に入ってくる。,"Catzawa-senpai, who had been
silently watching our exchange until
now, smirks and steps in between us.",,,
kyouya.json,220,Dialog,Kyoya,「お断りする」,Decline,,,
kyouya.json,222,Dialog,Nekozawa,「賭けと言いましてもこちらから何かを頂くということは致しませんし」,"I don't mean to take anything from
you if we're betting.",,,
kyouya.json,224,Dialog,Nekozawa,「なんでしたら、私が負けてしまった場合はそちらが自由に景品を指定できるという条件でも構いませんので〜」,"If you'd like, I'll let you choose
the prize if I lose~",,,
kyouya.json,229,Dialog,Kyoya,「貴方から頂きたいものなどないし、時間の無駄ですのでお断りします」,"I don't want anything from you and
it would waste my time, so I'll
pass.",,,
kyouya.json,230,Dialog,Kyoya,うわあ、歯に衣着せぬ物言いってこうゆうことを言うんだよね……。,"Wow, speaking bluntly means saying
things like this...",,,
kyouya.json,238,Dialog,Tamaki,「……鏡夜、もしかして恐いのか？」,"...Kyoya, are you scared?",,,
kyouya.json,243,Dialog,Kyoya,「恐い？　冗談はよせ」,Scared? Stop joking.,,,
kyouya.json,248,Dialog,Tamaki,「いいや、鏡夜だって恐いんだ！　だから猫澤先輩の賭けに挑戦する勇気がないんだろ？」,"No way! Even Kyoya's scared! That's
why you don't have the guts to take
on Nekozawa-senpai's bet, right?",,,
kyouya.json,250,Dialog,Kyoya,「……だから、ふざけた物言いはよせ」,Stop with the stupid talk.,,,
kyouya.json,255,Dialog,Tamaki,「あー！　やっぱり恐いんだ！　鏡夜の……」,"Ahh! You really are scary!
Kyoya's...",,,
kyouya.json,260,Dialog,Kyoya,「あーわかった、俺は全くもって恐くないからその賭けとやらに挑戦してやる、それで良いだろう！！」,"Got it! I'm not scared at all, so
I'll take up your challenge!!",,,
kyouya.json,265,Dialog,Kyoya,「……ただし、１つ条件がある。猫澤先輩が負けた場合は何をお願いしても良いのだろう？」,"But there's one condition. If
Nekozawa-senpai loses, I can ask for
anything, right?",,,
kyouya.json,267,Dialog,Kyoya,「ならば黒魔術部部員の１週間の貸し出しが条件、これでどうだ？」,"How about lending you one of our
Black Magic Club members for a week?",,,
kyouya.json,269,Dialog,Nekozawa,「異論はありません」,I have no objections.,,,
kyouya.json,271,Dialog,Kyoya,「ふ……俺との勝負、精々後悔しないように」,"「Huh... Don't regret betting against
me.」",,,
kyouya.json,272,Dialog,Kyoya,うわあ、どこの悪代官のセリフですか、それ。,"Who are you to act like a corrupt
official?",,,
kyouya.json,273,Dialog,Kyoya,こうして猫澤先輩ＶＳ鏡夜先輩の戦いの火ぶたは切って落とされたのであった……。,"And so, the battle between
Nekozawa-senpai and Kyoya-senpai
began...",,,
kyouya.json,282,Dialog,Nekozawa,「では、まず手始めに鳳くんの身長と血液型を当ててみましょう」,"Then let's start by guessing
Hikaru's height and blood type.",,,
kyouya.json,290,Dialog,Tamaki,「おお、鏡夜のシークレット情報だな！」,"Ooh, Kyoya's secret information!",,,
kyouya.json,298,Dialog,Kyoya,「いつから俺の基本情報がシークレット情報になったんだ。まあ、手始めというからには確実に当てられますよね？」,"Since when is my basic
info secret? Surely you
can guess this.",,,
kyouya.json,300,Dialog,Nekozawa,「もちろんです〜」,Of course~,,,
kyouya.json,304,Dialog,Nekozawa,そう言うと、手にベルゼネフをはめそのまま数秒間その状態で静止する。,"After saying that, I put on
Berseneff and remain still for
several seconds.",,,
kyouya.json,305,Dialog,Nekozawa,占うっていうから、水晶なんかが必要なイメージがあったんだけど……猫澤先輩なりの占いがあるんだろうな、多分。,"I expected a crystal ball,
but Nekozawa-senpai must
have his own method.",,,
kyouya.json,307,Dialog,Nekozawa,「……わかりました。鳳くんの身長は１８１ｃｍ、血液型はＡＢ型ですね」,"... Got it. Honey-kun's height is
181 cm and his blood type is AB.",,,
kyouya.json,318,Dialog,Tamaki,「ブラボーブラボー！　その通り！　鏡夜の身長と血液型をピタリと当ててしまわれたではないか！」,"Bravo! Bravo! That's right! You
guessed Kyoya's height and blood
type exactly!",,,
kyouya.json,320,Dialog,Tamaki,「これはやはり素晴らしき才能と認めるべきではないか？」,Isn't this truly a wonderful talent?,,,
kyouya.json,321,Dialog,Tamaki,異常に興奮した環先輩と、対照的に冷静な鏡夜,"Tamaki-senpai is incredibly excited,
while Kyoya-senpai remains",,,
kyouya.json,322,Dialog,Tamaki,先輩の図はまるで太陽と月といった感じだ。,"calm -- it's like a contrast between
the sun and the moon.",,,
kyouya.json,330,Dialog,Kyoya,「それこそ調べればわかることだろう。身長に血液型など保健室で管理してある生徒一覧表を見れば一発だ」,"You could learn that
from the infirmary's
student records.",,,
kyouya.json,332,Dialog,Kyoya,「ハルヒ、お前だってそう思うだろう？」,"Haruhi, you must think so too,
right?",,,
kyouya.json,341,Dialog,Haruhi,「うーん、調べればわかるような内容ですし、ちょっと判断材料には弱いかなと思います」,"Hmm, it's something we could figure
out with research, so I think it
might be a bit weak as evidence.",,,
kyouya.json,342,Dialog,Haruhi,鏡夜先輩の基本情報だからね……ＡＢ型ってところは自分も知っていたし。,"I already knew he's AB type...
That's basic info about
Kyoya-senpai.",,,
kyouya.json,347,Dialog,Kyoya,「だろう？　庶民のハルヒだってそれだけでは足りないと言っている。俺を唸らせるにはもっと驚くようなことを当ててもらわないとな」,"See? Even commoner Haruhi
says that isn't enough.
Guess something shocking.",,,
kyouya.json,348,Dialog,Kyoya,いや、庶民はあまり関係ないと思いますけど。,"I don't think it matters much to
commoners.",,,
kyouya.json,351,Dialog,Haruhi,「そうですね。基本情報なので調べればすぐわかることだと思います」,"That's right. It should be easy to
find out with some research.",,,
kyouya.json,352,Dialog,Haruhi,鏡夜先輩の趣味とか、もうちょっと深い内容ならば信用してしまうかもしれないけど……。,"I might believe it if it were
something deeper than just
Otori-senpai's hobbies...",,,
kyouya.json,357,Dialog,Kyoya,「だろう？　庶民のハルヒでもそれは当たり前だと言っている。これだけでは判断材料には足りなさ過ぎるということだよ」,"Right? Even Haruhi the commoner is
saying that's obvious. This isn't
enough to make a judgment.",,,
kyouya.json,358,Dialog,Kyoya,いや、庶民はあまり関係ないと思いますけど。,"I don't think it has much to do with
us commoners.",,,
kyouya.json,361,Dialog,Haruhi,「うーん、自分は猫澤先輩がわざわざ鏡夜先輩の情報を事前に調べているとは思えないんですけど……」,"Hmm, I don't think Kyoya-senpai
would go out of his way to research
Kyouya-senpai beforehand...",,,
kyouya.json,362,Dialog,Haruhi,まさかこんな状況を想定していたとは思えないし。,"I can't believe you were expecting
this situation.",,,
kyouya.json,367,Dialog,Kyoya,「ふう。庶民のハルヒには少し難しい質問だったかもしれないな。今の問いは聞かなかったことにしてくれ」,"Phew. That might've been too hard
for my commoner princess. Forget I
asked.",,,
kyouya.json,368,Dialog,Kyoya,いや、庶民はあまり関係ないと思いますけど。,"I don't think it has much to do with
us commoners.",,,
kyouya.json,371,Dialog,Haruhi,「自分はそう思いません。結構レアじゃないですか、鏡夜先輩の基本情報って」,"I don't think so. Kyoya-senpai's
basic info isn't common knowledge.",,,
kyouya.json,372,Dialog,Haruhi,自分は血液型は偶然知った感じだけど、身長は知らなかったし……それに猫澤先輩がわざわざ鏡夜先輩のことを調べるかなぁ。,"He knew my blood type
by chance, but my height?
Did he research Kyouya?",,,
kyouya.json,377,Dialog,Kyoya,「ふう。やはり庶民のハルヒには難解な問いだったか。すまん、今のことは綺麗に忘れてくれ」,"Phew. I guess this was too hard for
my commoner princess. Sorry, forget
everything I just said.",,,
kyouya.json,378,Dialog,Kyoya,いや、庶民はあまり関係ないと思いますけど。,"I don't think it has much to do with
commoners.",,,
kyouya.json,386,Dialog,Nekozawa,「次に鳳くんが当てて欲しい内容を当ててみせましょう〜」,"Let me guess what you want to hear
next, Honey-kun~",,,
kyouya.json,388,Dialog,Nekozawa,「なにを当ててもらいたいか私に教えて下さい」,Tell me what you'd like me to guess.,,,
kyouya.json,393,Dialog,Kyoya,「そうだな……」,That's right...,,,
kyouya.json,394,Dialog,Kyoya,腕を組んで思案しているポーズを取りながら、目はじーっと自分にそそがれている。,"She's staring right at me with her
arms crossed in thought.",,,
kyouya.json,395,Dialog,Kyoya,なんだかもの凄く嫌な予感が……。,I have a really bad feeling...,,,
kyouya.json,400,Dialog,Kyoya,「ハルヒ、お前が当てて欲しい内容を決めろ」,"Haruhi, decide what you want me to
guess.",,,
kyouya.json,402,Dialog,Haruhi,「え！？　自分ですか！？」,What! ? Me! ?,,,
kyouya.json,404,Dialog,Kyoya,「ああ。俺は良い案が思い浮かばないのでな、お前が好きに決めるといい」,"Yeah. Since I can't think of any
good ideas, you decide whatever you
like.",,,
kyouya.json,406,Dialog,Haruhi,（最初から自分に振るみたいな感じだったんですけど……）,"(I felt like she was hitting on me
from the start...)",,,
kyouya.json,408,Dialog,Haruhi,「……わかりました。じゃあ――」,...Got it. Then--,,,
kyouya.json,409,Choice,Haruhi,昨日食べた夕食,Dinner I ate yesterday,,,
kyouya.json,410,Choice,Haruhi,昨日最後に見たニュース,Watch last night's news,,,
kyouya.json,411,Choice,Haruhi,昨日最後に予習した教科,Review Last Subject,,,
kyouya.json,423,Dialog,Kyoya,「この内容で構わないですか？」,Is this okay?,,,
kyouya.json,425,Dialog,Nekozawa,「私はまったく問題ありません〜」,I'm totally fine~,,,
kyouya.json,431,Dialog,Nekozawa,そして、冒頭とまったく同じ体勢で占いを始める猫澤先輩。,"And Catagiri-senpai starts the
fortune-telling in exactly the same
position as before.",,,
kyouya.json,433,Dialog,Nekozawa,「……わかりました。藤岡くんの昨日の夕食は中華料理のコースですね」,"...Got it. Fujio's dinner yesterday
was Chinese cuisine.",,,
kyouya.json,438,Dialog,Haruhi,「！！？　え、よくわかりましたね」,"!!? Huh, you understood perfectly.",,,
kyouya.json,439,Dialog,Haruhi,昨日はお父さんがお店の人の奢りよーとか言って、自分を中華料理店に連れて行ってくれたんだ。,"Dad took me to a Chinese restaurant
and treated everyone yesterday.",,,
kyouya.json,440,Dialog,Haruhi,料理のレパートリーも増えるし、１食分浮くなぁとほくほくしたんだよね。,"I was smug thinking I'd save money
on one meal.",,,
kyouya.json,448,Dialog,Tamaki,「どうだ、これならばお前とて認めるのではないか？　猫澤先輩はハルヒの食卓事情を当てたのだぞ！？」,"See this? Even you've gotta admit it
now! Nekozawa-senpai predicted
Haruhi's eating habits!",,,
kyouya.json,453,Dialog,Tamaki,「ぬうっ。猫澤先輩を敵にまわすことの恐ろしさがわかったであろう！」,"Agh! Now you know the terror of
making Nekozawa-senpai your enemy!",,,
kyouya.json,461,Dialog,Kyoya,「……そんなもの勘であてられることだ。和食・洋食・中華のうちの１つなのだからな。３分の１の確率だ」,"It's a guess. It has to be Japanese,
Western, or Chinese cuisine. One in
three.",,,
kyouya.json,463,Dialog,Kyoya,「それだけの確率で魔術が存在すると認めるのは早計というものだろう」,"It's premature to acknowledge that
magic exists just because of those
odds.",,,
kyouya.json,465,Dialog,Haruhi,（珍しく鏡夜先輩が動揺してますね）,"(It's rare to see Kyoya-senpai
flustered.)",,,
kyouya.json,470,Dialog,Nekozawa,（私からすると普段となにも変わらないように見えるのですが……）,"(From my perspective, nothing seems
different from usual...)",,,
kyouya.json,472,Dialog,Haruhi,（よく見ているとわかりますよ？　鏡夜先輩、口にする前に一瞬躊躇してます）,"(You'll notice if you look closely,
right? Kyoya-senpai hesitates for a
moment before speaking.)",,,
kyouya.json,480,Dialog,Tamaki,（うむ。はなから１つも当たらないだろうと思っていたのだろうな。それが２つも当たるという事態になって鏡夜にも焦りがあるのだろう）,"He likely expected no hits,
but two landed. Even Kyouya
must be anxious.",,,
kyouya.json,482,Dialog,Tamaki,（猫澤先輩、鏡夜が陥落するのも時間の問題。ここはどんどん攻めていきましょう！）,"(Katou-senpai, it's only a matter of
time before Kyoya falls! Let's keep
pushing!)",,,
kyouya.json,484,Dialog,Nekozawa,（ええ、お任せあれ〜）,(Let me handle it~),,,
kyouya.json,490,Dialog,Kyoya,「この内容で構わないですか？」,Is this okay?,,,
kyouya.json,492,Dialog,Nekozawa,「私はまったく問題ありません〜」,I'm totally fine~,,,
kyouya.json,498,Dialog,Nekozawa,そして、冒頭とまったく同じ体勢で占いを始める猫澤先輩。,"And Catagiri-senpai starts the
fortune-telling in exactly the same
position.",,,
kyouya.json,500,Dialog,Nekozawa,「……わかりました。藤岡くんの昨日の最後に見たニュースは食の安全の問題ですね」,"...Got it. Fujio's last news story
yesterday was about food safety.",,,
kyouya.json,505,Dialog,Haruhi,「！！？　え、よくわかりましたね」,"!!? Huh, you understood perfectly.",,,
kyouya.json,506,Dialog,Haruhi,昨日は最近話題になっている食品に混入した毒物関連のニュースで新事実が発覚したとテレビで取り上げられており。,"TV reported new facts
about poison found in
popular foods.",,,
kyouya.json,507,Dialog,Haruhi,食の安全対策として、これからの取り組みについて直撃取材を試みたなんて内容だった。,"It was about trying to conduct an
interview on food safety measures.",,,
kyouya.json,515,Dialog,Tamaki,「どうだ、これならばお前とて認めるのではないか？　猫澤先輩はハルヒのテレビ事情を見事当ててしまったのだぞ！？」,"See this? Even you have to admit it
now! Nekoze-senpai guessed Haruhi's
TV knowledge perfectly!",,,
kyouya.json,520,Dialog,Tamaki,「ぬうっ。猫澤先輩を敵にまわすことの恐ろしさがわかったであろう！」,"Agh! Now you know the terror of
making Nekozawa-senpai your enemy!",,,
kyouya.json,528,Dialog,Kyoya,「……そんなもの勘であてられることだ。昨日ハルヒが見た番組は視聴率が夜にも関わらず高視聴率だったと記憶している」,"That can be guessed.
That TV program had
high ratings last night.",,,
kyouya.json,530,Dialog,Kyoya,「当たる確率が高いだけに、それだけで魔術が存在すると認めるのは早計というものではないか？」,"Isn't it a bit hasty to acknowledge
the existence of magic just because
there's a high chance of hitting?",,,
kyouya.json,532,Dialog,Haruhi,（珍しく鏡夜先輩が動揺してますね）,"(It's rare to see Kyoya-senpai
flustered.)",,,
kyouya.json,537,Dialog,Nekozawa,（私からすると普段となにも変わらないように見えるのですが……）,"(From my perspective, nothing seems
different from usual...)",,,
kyouya.json,539,Dialog,Haruhi,（よく見ているとわかりますよ？　鏡夜先輩、口にする前に一瞬躊躇してます）,"(You'll notice if you look closely,
right? Kyoya-senpai hesitates for a
moment before speaking.)",,,
kyouya.json,547,Dialog,Tamaki,（うむ。はなから１つも当たらないだろうと思っていたのだろうな。それが２つも当たるという事態になって鏡夜にも焦りがあるのだろう）,"He expected no hits,
but two landed. Even
Kyouya must be anxious.",,,
kyouya.json,549,Dialog,Tamaki,（猫澤先輩、鏡夜が陥落するのも時間の問題。ここはどんどん攻めていきましょう！）,"(Katou-senpai, it's only a matter of
time before Kyoya falls! Let's keep
pushing!)",,,
kyouya.json,551,Dialog,Nekozawa,（ええ、お任せあれ〜）,(Let me handle it~),,,
kyouya.json,557,Dialog,Kyoya,「この内容で構わないですか？」,Is this okay?,,,
kyouya.json,559,Dialog,Nekozawa,「私はまったく問題ありません〜」,I'm perfectly fine~,,,
kyouya.json,565,Dialog,Nekozawa,そして、冒頭とまったく同じ体勢で占いを始める猫澤先輩。,"And Catagiri-senpai starts the
fortune-telling in exactly the same
position as before.",,,
kyouya.json,567,Dialog,Nekozawa,「……わかりました。藤岡くんの昨日の最後に予習をした科目は物理ですね」,"...Got it. Fujio-kun studied physics
last night.",,,
kyouya.json,572,Dialog,Haruhi,「！！？　え、よくわかりましたね」,"!!? Huh, you understood perfectly
well.",,,
kyouya.json,573,Dialog,Haruhi,今日は物理の小テストがあるから他の教科を先に予習してしまって、最後に時間の許すだけ物理を勉強していたんだけど……。,"I have a physics quiz,
so I studied physics
last, as much as I could.",,,
kyouya.json,581,Dialog,Tamaki,「どうだ、これならばお前とて認めるのではないか？　猫澤先輩はハルヒの勉学事情を見事当ててしまったのだぞ！？」,"How about that? Surely even you have
to admit it now. Nekozawa-senpai
guessed Haruhi's study situation!",,,
kyouya.json,586,Dialog,Tamaki,「ぬうっ。猫澤先輩を敵にまわすことの恐ろしさがわかったであろう！」,"Agh! Now you know the terror of
making Nekozawa-senpai your enemy!",,,
kyouya.json,594,Dialog,Kyoya,「……そんなもの勘であてられることだ。ハルヒのクラスで物理の小テストがあるということを事前に知っていれば問題はない」,"That's a guess. If you
knew Haruhi had physics,
it isn't an issue.",,,
kyouya.json,596,Dialog,Kyoya,「当たる確率が高いだけに、それだけで魔術が存在すると認めるのは早計というものではないか？」,"Isn't it too soon to
call it magic just from
a likely hit?",,,
kyouya.json,598,Dialog,Haruhi,（珍しく鏡夜先輩が動揺してますね）,"(It's rare to see Kyoya-senpai
flustered.)",,,
kyouya.json,603,Dialog,Nekozawa,（私からすると普段となにも変わらないように見えるのですが……）,"(From my perspective, nothing seems
different from usual...)",,,
kyouya.json,605,Dialog,Haruhi,（よく見ているとわかりますよ？　鏡夜先輩、口にする前に一瞬躊躇してます）,"(You'll notice if you look closely,
right? Kyoya-senpai hesitates for a
moment before speaking.)",,,
kyouya.json,613,Dialog,Tamaki,（うむ。はなから１つも当たらないだろうと思っていたのだろうな。それが２つも当たるという事態になって鏡夜にも焦りがあるのだろう）,"He expected no hits,
but two landed. Even
Kyouya must be anxious.",,,
kyouya.json,615,Dialog,Tamaki,（猫澤先輩、鏡夜が陥落するのも時間の問題。ここはどんどん攻めていきましょう！）,"(Katou-senpai, it's only a matter of
time before Kyoya falls! Let's keep
pushing!)",,,
kyouya.json,617,Dialog,Nekozawa,（ええ、お任せあれ〜）,(Let me handle it~),,,
kyouya.json,632,Dialog,Nekozawa,「では、次は何を当ててみればよろしいでしょうか〜」,Then what shall I guess next~?,,,
kyouya.json,634,Dialog,Kyoya,「……そうだな。あまり伸ばし伸ばしにするのも時間が勿体無いからな。次で最後にしよう」,"Right. We can't waste time dragging
this out. Let's make it count for
next time.",,,
kyouya.json,636,Dialog,Kyoya,「これで見事正解を言い当てた際には負けを認め、黒魔術を信じましょう」,"I'll admit defeat and believe in
black magic if you guess the answer
perfectly.",,,
kyouya.json,642,Dialog,Kyoya,あ……これは鏡夜先輩の本気モードが発動したみたいだ。,"Oh... This seems like Kyoya-senpai
has activated his serious mode.",,,
kyouya.json,643,Dialog,,笑みが通常より黒い。,The smile is darker than usual.,,,
kyouya.json,648,Dialog,Kyoya,「……ああ、俺だ。至急映写機の準備を」,"Yeah, it's me. Get the projector
ready ASAP.",,,
kyouya.json,651,Dialog,servant,「お待たせ致しました。只今より準備に取り掛からせて頂きます」,"I've kept you waiting. I'll start
preparing now.",,,
kyouya.json,658,Dialog,Kyoya,「ああ、頼む」,"Sure, please do.",,,
kyouya.json,659,Dialog,Kyoya,携帯で連絡を取ってから数秒後、映写機を抱えた鏡夜先輩の家の人が瞬く間にセットを作り上げ。,"After my call, Kyouya's
people set up a projector
in a flash.",,,
kyouya.json,660,Dialog,Kyoya,最後に暗幕を引き……数分後には立派な舞台が出来上がっていた。,"The curtains were drawn back... and
in just a few minutes, an impressive
stage was complete.",,,
kyouya.json,661,Dialog,Kyoya,なんていうか、常識を期待しちゃいけないんですよね……この部活のメンバーには。,"I guess you can't expect them to
have any common sense...as members
of this club.",,,
kyouya.json,669,Dialog,Tamaki,「おお、なんだか本格的だな！」,"Wow, this feels so professional!",,,
kyouya.json,671,Dialog,Kyoya,「実際本格的なんだよ。やるからには徹底した方がいいだろう？」,"That's how you do it in earnest.
Isn't it better to go all out?",,,
kyouya.json,673,Dialog,Tamaki,「うむ、その心意気は素晴らしいことだと思うぞ、俺は」,"Yeah, I think that attitude of yours
is wonderful.",,,
kyouya.json,681,Dialog,Nekozawa,「映写機を用意して頂いたということは、映画の内容を当てて欲しいということでよろしいでしょうか……」,"Preparing the projector means you
want me to guess the movie,
right...?",,,
kyouya.json,683,Dialog,Kyoya,「ご名答。これから俺の好きな映画監督の作品を映写機で再生する。そのクライマックスを当ててもらいたい、というものだ」,"Correct. I'll play my
favorite director's film.
Guess its climax.",,,
kyouya.json,685,Dialog,Kyoya,「いかがですか？」,How about it?,,,
kyouya.json,687,Dialog,Nekozawa,「ええ、ぜひお受けしたく存じます」,"Of course, I'd love to take it on.",,,
kyouya.json,689,Dialog,Kyoya,「では――上演します」,And so--let's begin.,,,
kyouya.json,692,Dialog,Kyoya,主人公は３人兄弟の末っ子――。,I am the youngest of three brothers.,,,
kyouya.json,693,Dialog,Kyoya,家は日本有数の大企業、上の兄２人はとても頭が良く、運動神経も抜群。,"My family runs a major
company. My older brothers
are smart and athletic.",,,
kyouya.json,694,Dialog,Kyoya,２番目の兄が１番目をフォローしながらも、対等な関係を築いているのに対し、末っ子の自分は頭も中の下で運動神経もよくない――。,"My second brother supports
the first as an equal;
I'm the weak youngest.",,,
kyouya.json,695,Dialog,Kyoya,親からは『こいつは当てにならない』と早々に見切りをつけられ、ただ自堕落に大学生活を送っていた――。,"My parents gave up on me early on,
calling me unreliable and just let
me waste away in college...",,,
kyouya.json,696,Dialog,,ただそんな彼にも、１人だけ支えてくれる女性がいた。幼馴染で機転も利く、才女と名高い彼女――。,"Only one woman supported
him: his clever childhood
friend.",,,
kyouya.json,697,Dialog,,あまりに不釣合いではあるが、不思議と気が合う２人は密かにお互いを思い合うのに時間はさほどかからなかった――。,"They were mismatched,
but soon secretly cared
for each other.",,,
kyouya.json,698,Dialog,,しかし、彼女には婚約者が存在した。それも皮肉なことに主人公の兄である秀才と誉れ高い長兄――。,"But she was engaged
to his talented eldest
brother.",,,
kyouya.json,699,Dialog,,どちらと一緒になれば幸せになれるか、それは一目りょう然。,"It's clear at a glance who will make
me happy.",,,
kyouya.json,700,Dialog,,主人公は身を引こうと彼女に別れを告げる。しかし――。,"The main character tries to break up
with her. But --.",,,
kyouya.json,707,Dialog,Kyoya,「……ここまでだ。これから先は猫澤先輩に当ててもらう」,"...This far. From here on, I'll
leave it to Nekozawa-senpai.",,,
kyouya.json,715,Dialog,Tamaki,「な、なんと悲しくも美しい話なのだ！！　主人公は彼女とどうなるのだ！？　猫澤先輩、是非に続きを当てて頂きたい！！」,"「How sad and beautiful! What happens
to the main character!? Senpai,
please guess what happens next!!」",,,
kyouya.json,716,Dialog,Tamaki,環先輩がハンカチをかみ締めて猫澤先輩に詰め寄る。,"Takashi, grab your hankie, 'cause
Tamaki's about to pounce on
Kurakano-senpai.",,,
kyouya.json,724,Dialog,Nekozawa,「お安い御用です……」,It's my pleasure...,,,
kyouya.json,726,Dialog,Nekozawa,「……引き止めようと身を乗り出した彼女を振り切り主人公は家を後にします……」,"...The protagonist breaks free from
her and leaves home...",,,
kyouya.json,728,Dialog,Nekozawa,「その結果、彼女と長兄の結婚式が行われることになるのですが……式の当日、主人公宛てに１通の手紙が届きます」,"At her wedding to his
brother, a letter arrives
for the hero.",,,
kyouya.json,730,Dialog,Nekozawa,「手紙の内容に胸を打たれた主人公は慌てて結婚式場に駆けていくのです……」,"The protagonist, moved by the
letter's contents, rushes to the
wedding venue in a panic...",,,
kyouya.json,732,Dialog,Nekozawa,「式場では白いベールに包まれた美しき花嫁が壇上で誓いのキスを交わす瞬間でした……」,"It was a moment when the beautiful
bride, veiled in white, exchanged
vows on the altar...",,,
kyouya.json,734,Dialog,Nekozawa,「涙が一筋彼女の頬を伝った瞬間、扉が大きな音をたてて開きます――。主人公は花嫁の手を引き、式場を後にしました……」,"As her tear fell, the
door burst open. He took
her hand and left.",,,
kyouya.json,736,Dialog,Nekozawa,「俺と一緒にいても幸せになれないかもしれない、それでも……そう言った主人公の言葉に花嫁は笑ってこう言ったのです……」,"'You may not be happy
with me.' Still, the
bride smiled and said...",,,
kyouya.json,741,Dialog,Nekozawa,「貴方と一緒にいるだけで幸せなんですよ……と。これがこの物語の結末です……」,"Just being with you makes me
happy... This is how our story
ends...",,,
kyouya.json,749,Dialog,Tamaki,「ぶ、ブラボー！　な、なんと感涙にむせぶお話なのだー！　猫澤先輩！　素晴らしき話をありがとうございます！」,"B-Bravo! What a story that had me
choking back tears! Senpai Nekozawa,
thank you for such an amazing tale!",,,
kyouya.json,751,Dialog,Tamaki,チーンと、涙でぐしょぐしょなハンカチで鼻を,"Silence... Ring senpai sniffles into
his sopping handkerchief,",,,
kyouya.json,752,Dialog,Tamaki,かむ環先輩と、やりきった感のある猫澤先輩。,"and Nekozawa senpai looks utterly
spent.",,,
kyouya.json,753,Dialog,Tamaki,確かに自分も感動したなぁ……あまり映画は見ないけれど、この映画は最後まで見たいって思わせるものがあったよ。,"I was moved too. I rarely
watch movies, but I wanted
to finish this one.",,,
kyouya.json,763,Dialog,Kyoya,「……確かに素晴らしいシナリオだった。しかし残念なことにこの作品は未完だ」,"That was indeed a wonderful
scenario. However, unfortunately
this work remains unfinished.",,,
kyouya.json,771,Dialog,Nekozawa,「未完だったのですか……」,It wasn't finished...,,,
kyouya.json,773,Dialog,Kyoya,「ああ。未完であることを当てたのならば正解にするつもりだったのだが、先を予想することに意識を向けすぎたのが敗因ですね」,"I would have accepted
'unfinished,' but he
overthought the ending.",,,
kyouya.json,775,Dialog,Kyoya,「少し意地悪な問題だったかもしれませんが」,"It was a bit of a mean question,
but...",,,
kyouya.json,780,Dialog,Nekozawa,「いえ、負けは負けですので、そちらの要望に従いたいと思います……」,"No, I lost fair and square, so I
want to follow your request...",,,
kyouya.json,782,Dialog,Kyoya,「……１つ参考意見として聞こう。ある意味騙したような問題だったが、こんな俺をヒドイ奴だと思うか？」,"It was a trick question,
but do you think I'm
awful for doing it?",,,
kyouya.json,786,Dialog,Haruhi,「え、自分ですか？」,Huh? Me?,,,
kyouya.json,788,Dialog,Kyoya,「他に誰がいる」,Who else is there?,,,
kyouya.json,790,Dialog,Haruhi,「自分は……」,I...,,,
kyouya.json,799,Dialog,Haruhi,「ちょっとヒドイかなと思いました」,I wondered if it was a bit mean.,,,
kyouya.json,804,Dialog,Kyoya,「……そうか。ま、俺に挑んだのがそもそもの敗因とも言えるし、なるべくしてなった結果だよ」,"...Is that so. Well, challenging me
was your downfall to begin with, so
it's just how things worked out.",,,
kyouya.json,807,Dialog,Haruhi,「ヒドイと思います。あまりフェアな勝負じゃないじゃないですか」,"I think it's unfair. It's not much
of a fair fight, is it?",,,
kyouya.json,812,Dialog,Kyoya,「……そうか。お前がそこまで猫澤先輩の肩を持つのならば、一緒にあることを手伝ってもらうとしよう」,"I see. If you'll defend
Nekozawa that much,
help me with something.",,,
kyouya.json,814,Dialog,Haruhi,「え……」,「Huh...?」,,,
kyouya.json,822,Dialog,Kyoya,「猫澤先輩他、魔術部員は舞台の設置を。ハルヒは小道具を至急用意すること」,"Nezumizawa-senpai and other Magic
Club members will set up the stage.
Haruhi, prepare props immediately.",,,
kyouya.json,827,Dialog,Kyoya,「ああ、ハルヒたっての願いだからな。他のホスト部メンバーは一切手伝わないように」,"Yeah, this is my princess's wish.
The other Host Club members won't
help at all.",,,
kyouya.json,829,Dialog,Kyoya,……あの事件の数日後。,...A few days after that incident.,,,
kyouya.json,830,Dialog,Kyoya,ホスト部では『予言の館』を開催することになり、賭けに負けた黒魔術部員は１週間黒子としてただ働きを強いられ――。,"The Host Club's prophecy
hall needs losing Black
Magic members for a week.",,,
kyouya.json,831,Dialog,Kyoya,そして自分は願い出たわけでもないのに、黒魔術部員に紛れ込んで１人で雑用を任されている。,"And even though I didn't ask for it,
I've ended up being the errand boy
for the Black Magic Club.",,,
kyouya.json,833,Dialog,Haruhi,（……絶対権力の鏡夜先輩の逆りんに触れちゃったのが間違いだったかも）,"(...Maybe it was wrong to defy
Kyoya-senpai's absolute power.)",,,
kyouya.json,840,Dialog,Kyoya,「ハルヒ！」,Haruhi!,,,
kyouya.json,842,Dialog,Haruhi,「あーわかりました。今すぐ行きますよ……」,Got it. I'll go right away...,,,
kyouya.json,843,Dialog,Haruhi,今度から発言には気をつけよう。１つ教訓を学んだ出来事でした。,"I'll be more careful with my words
from now on. It was an event that
taught me a lesson.",,,
kyouya.json,845,Dialog,Haruhi,……あの時、違った返事をしていれば、別の結末もあったのかな？,"...If I had answered differently
back then, would things have turned
out differently?",,,
kyouya.json,847,Dialog,Haruhi,もし、あの時に戻れたら、今度は別の答え方を……,"If I could go back to that moment,
I'd answer differently this time...",,,
kyouya.json,852,Dialog,Haruhi,「あまり思いませんよ。ずるをしたわけじゃないんですから」,"I don't feel bad about it. I didn't
cheat.",,,
kyouya.json,857,Dialog,Kyoya,「当たり前だ。ずるなどという姑息なことをするわけがないだろう。これはなるべくしてなった結果というわけだ」,"Of course not. It isn't
cheating, just how things
naturally turned out.",,,
kyouya.json,860,Dialog,Haruhi,「思いませんよ。映画の内容を当てる、という問題自体に悪いところはありませんでしたから」,"I don't regret it. There was nothing
wrong with trying to guess the
movie's plot.",,,
kyouya.json,865,Dialog,Kyoya,「……ほう。そこまで考えているとは思わなかったな」,"...Hm. I didn't think you'd consider
that.",,,
kyouya.json,870,Dialog,Kyoya,「実際予言が出来るのならば、その先に何もないという未来があることも念頭に置かねばならないからな……」,"If I could predict the
future, I'd fear a future
where nothing exists.",,,
kyouya.json,872,Dialog,Kyoya,「ま、これも当然の帰結というわけさ」,"Well, this is just the natural
consequence.",,,
kyouya.json,875,Dialog,Haruhi,「……静かになりましたね」,...It's gotten quiet.,,,
kyouya.json,879,Dialog,Haruhi,猫澤先輩に引きずられる形で環先輩が部室を後にし、残されたのは自分と鏡夜先輩の２人だけになった。,"Nekoze-senpai dragged Tama-chan out,
leaving just me and Otori-senpai
behind.",,,
kyouya.json,881,Dialog,Kyoya,「環がいるだけで騒々しさが増すからな。……お前はあの結末をどう思った？」,"Tamaki's presence just makes things
noisier. ...What did you think of
that ending?",,,
kyouya.json,883,Dialog,Haruhi,「猫澤先輩が語った結末ですか？」,"What was Nezumizawa-senpai talking
about?",,,
kyouya.json,885,Dialog,Kyoya,「ああ」,"""Yeah.""",,,
kyouya.json,887,Dialog,Haruhi,「自分は良かったと思いますよ。ちょっとご都合主義なところもありましたけれど、とても感動の出来る話だったと思います」,"I think it was great. It was a bit
convenient at times, but I thought
it was an incredibly moving story.",,,
kyouya.json,889,Dialog,Kyoya,「そうか……。確かにあの結末は俺の求めていたものに近い結末だったかもな」,"That so...? That ending might have
been close to what I wanted.",,,
kyouya.json,891,Dialog,Kyoya,「しかし、語り口調が全てを台無しにしていた点も含めると、合格点にはほど遠いと言わざるを得まい」,"However, considering that the way he
spoke ruined everything, it's safe
to say he was far from passing.",,,
kyouya.json,893,Dialog,Haruhi,「厳しい採点ですね」,Strict grading.,,,
kyouya.json,895,Dialog,Kyoya,「この作品だからこそ、厳しくもなるのさ。この映画監督の作品はどこか心を惹かれる部分があってな……荒削りだが光るものがある」,"That's why I'm strict.
This director's rough films
still have a real shine.",,,
kyouya.json,897,Dialog,Kyoya,「だからこそ、この未完の作品にどう色をつけるか楽しみにしていたのだが……」,"So I was looking forward to seeing
what color you would add to this
unfinished work...",,,
kyouya.json,902,Dialog,Kyoya,「ま、言ってもしようのない話だ。さて、俺たちもそろそろ帰るとするか」,"Well, it's no use talking about it.
Anyway, we should head back.",,,
kyouya.json,904,Dialog,Kyoya,「明日の為に色々とやることがあるからな」,There's lots to do for tomorrow.,,,
kyouya.json,913,Dialog,Kyoya,「猫澤先輩は舞台の設置を、他魔術部員は小道具の用意を頼む」,"Nezumizawa-senpai, set up the stage.
The rest of you, prepare the props.",,,
kyouya.json,915,Dialog,Kyoya,……あの事件の翌日。,...The day after that incident.,,,
kyouya.json,916,Dialog,Kyoya,ホスト部では『予言の館』を開催することになり、賭けに負けた黒魔術部員は１週間黒子としてただ働きを強いられ――。,"The prophecy hall needs
losing Black Magic members
as extras for a week.",,,
kyouya.json,917,Dialog,Kyoya,今も自分の横を抱えきれない小道具を持った黒魔術部員が通って行った。,"Even now, Black Magic Club members
with props they can't hold pass by
my side.",,,
kyouya.json,920,Dialog,Haruhi,「……あの、聞いてもいいですか？」,"...Um, may I ask something?",,,
kyouya.json,922,Dialog,Kyoya,「なんだ？」,Hmm?,,,
kyouya.json,924,Dialog,Haruhi,「これももしかして計算尽くだったりするんですか……？」,"Is this also part of your master
plan...?",,,
kyouya.json,926,Dialog,Kyoya,「もちろんある程度のメリットは計算していた。が、最終的には環のあおりを受けた部分が大きい」,"Of course, I had calculated some
benefits. But in the end, I was
heavily influenced by Tama-chan.",,,
kyouya.json,928,Dialog,Kyoya,「魔術の信憑性についての勝負など、そこまでメリットにもならないからな。時間の無駄だったというわけだ」,"A contest about the credibility of
magic isn't worth it. It was a waste
of time.",,,
kyouya.json,930,Dialog,Haruhi,「はあ……そうですか」,Hmm... Is that so?,,,
kyouya.json,931,Dialog,Haruhi,黒魔術部員全員を１週間こき使って、ホスト部の新企画『予言の館』まで実施するのに時間の無駄だとおっしゃるのか……。,"Is using them for a week
and still launching our
project a waste?",,,
kyouya.json,933,Dialog,Haruhi,「だけど……鏡夜先輩も楽しそうでしたよね？後半は結構意地になって――」,"But... Kyoya-senpai seemed to be
enjoying himself too, right? He got
pretty stubborn in the second half--",,,
kyouya.json,938,Dialog,Kyoya,「そのようなことは断じてない」,I never said that.,,,
kyouya.json,939,Dialog,Kyoya,強い口調で否定をする鏡夜先輩の目元が微妙に赤く染まっているからか、そんな口調もどこか厳しさとは違ったものに聞こえる。,"Kyoya-senpai's strong denial makes
his eyes look slightly red, so even
his tone doesn't sound as strict.",,,
kyouya.json,941,Dialog,Haruhi,「そうですか。……自分は楽しかったですよ？」,"That so? ...I had fun, you know?",,,
kyouya.json,946,Dialog,Kyoya,「……さっさと行くぞ。他の部員に手伝ってもらうことなど山のようにあるんだからな」,"Let's get going already. We've got
tons of stuff to ask the other
members for help with.",,,
kyouya.json,948,Dialog,Kyoya,ふいと逸らされた視線がいつもより柔らか味を帯びていた気がして。,"I felt like your gaze was softer
than usual when you looked away.",,,
kyouya.json,949,Dialog,Kyoya,なんだか鏡夜先輩のことが可愛らしいと思ってしまった。,"I ended up thinking Kyoya-senpai is
cute.",,,
